username,password,message
User1,123,ERROR: The password you entered for the email or username user1 is incorrect. Lost your password?
User2,1234,Test
User3,12345,ERROR: The password you entered for the email or username user3 is incorrect. Lost your password?
User4,12345,ERROR: The password you entered for the email or username user4 is incorrect. Lost your password?
User5,12345,ERROR: The password you entered for the email or username user5 is incorrect. Lost your password?
User6,12345,ERROR: The password you entered for the email or username User6 is incorrect. Lost your password?
User7,12345,ERROR: The password you entered for the email or username User7 is incorrect. Lost your password?
User8,12345,ERROR: The password you entered for the email or username User8 is incorrect. Lost your password?
User9,12345,ERROR: The password you entered for the email or username User9 is incorrect. Lost your password?
User10,12345,ERROR: The password you entered for the email or username User10 is incorrect. Lost your password?
User11,12345,ERROR: The password you entered for the email or username User11 is incorrect. Lost your password?
User12,12345,ERROR: The password you entered for the email or username User12 is incorrect. Lost your password?
User13,12345,ERROR: The password you entered for the email or username User13 is incorrect. Lost your password?
User14,12345,ERROR: The password you entered for the email or username User14 is incorrect. Lost your password?
User15,12345,ERROR: The password you entered for the email or username User15 is incorrect. Lost your password?
User16,12345,ERROR: The password you entered for the email or username User16 is incorrect. Lost your password?
User17,12345,ERROR: The password you entered for the email or username User17 is incorrect. Lost your password?
User18,12345,ERROR: The password you entered for the email or username User18 is incorrect. Lost your password?
User19,12345,ERROR: The password you entered for the email or username User19 is incorrect. Lost your password?
User20,12345,ERROR: The password you entered for the email or username User20 is incorrect. Lost your password?
User21,12345,ERROR: The password you entered for the email or username User21 is incorrect. Lost your password?
User22,12345,ERROR: The password you entered for the email or username User22 is incorrect. Lost your password?
User23,12345,ERROR: The password you entered for the email or username User23 is incorrect. Lost your password?
User24,12345,ERROR: The password you entered for the email or username User24 is incorrect. Lost your password?
User25,12345,ERROR: The password you entered for the email or username User25 is incorrect. Lost your password?
User26,12345,ERROR: The password you entered for the email or username User26 is incorrect. Lost your password?
User27,12345,ERROR: The password you entered for the email or username User27 is incorrect. Lost your password?
User28,12345,ERROR: The password you entered for the email or username User28 is incorrect. Lost your password?
User29,12345,ERROR: The password you entered for the email or username User29 is incorrect. Lost your password?
User30,12345,ERROR: The password you entered for the email or username User30 is incorrect. Lost your password?